Url,RId,SId,LTId,TTId,LUId,Timestamp,Level,Server,Ip,Thread,Logger,Message,Exception,UserAgent
http://mygcpdevaa.o9solutions.com:9876/api/crud/tenants/{tenantId}/users/?tenantId=6241&_=1685970463863,aa2b8b81-ac09-4594-bf88-5c3e9a55b5b9,6241.69406,6241,6241,22341,2023-06-05T13:16:52.621Z,INFO,WebApi,10.108.2.244,78,o9.Framework.Common.Logging.FrameworkLogger,WebApi received the request: GET /api/crud/tenants/{tenantId}/users/,"",kibo
http://mygcpdevaa.o9solutions.com:9876/api/crud/tenants/{tenantId}/users/?tenantId=6241&_=1685970463863,aa2b8b81-ac09-4594-bf88-5c3e9a55b5b9,6241.69406,6241,6241,22341,2023-06-05T13:16:52.666Z,INFO,WebApi,10.108.2.244,86,o9.Framework.Common.Logging.FrameworkLogger,WebApi served the request: /api/crud/tenants/{tenantId}/users/ in : 64ms with status : OK,"",kibo
http://mygcpdevaa.o9solutions.com:9876/api/restore/tenants/6241/restores/d0f7fd4a-8765-450a-8098-c3b73c278c29?_=1685970463959,2271dd7a-0341-4084-aed4-489f4ef1c7a3,6241.69406,6241,6241,22341,2023-06-05T13:20:44.205Z,INFO,WebApi,10.108.2.244,32,o9.Framework.Common.Logging.FrameworkLogger,WebApi received the request: GET /api/restore/tenants/6241/restores/d0f7fd4a-8765-450a-8098-c3b73c278c29,"",kibo
http://mygcpdevaa.o9solutions.com:9876/api/restore/tenants/6241/restores/d0f7fd4a-8765-450a-8098-c3b73c278c29?_=1685970463959,2271dd7a-0341-4084-aed4-489f4ef1c7a3,6241.69406,6241,6241,22341,2023-06-05T13:20:44.229Z,INFO,WebApi,10.108.2.244,80,o9.Framework.Common.Logging.FrameworkLogger,WebApi served the request: /api/restore/tenants/6241/restores/d0f7fd4a-8765-450a-8098-c3b73c278c29 in : 21ms with status : OK,"",kibo
http://mygcpdevaa.o9solutions.com:9876/api/crud/tenants/lsconfigsuggestions?_=1685970463960,6a9f14d7-9e9a-4266-8550-51f43d45b64d,6241.69406,6241,6241,22341,2023-06-05T13:20:50.883Z,INFO,WebApi,10.108.2.244,72,o9.Framework.Common.Logging.FrameworkLogger,WebApi received the request: GET /api/crud/tenants/lsconfigsuggestions,"",kibo
http://mygcpdevaa.o9solutions.com:9876/api/crud/tenants/lsconfigsuggestions?_=1685970463960,6a9f14d7-9e9a-4266-8550-51f43d45b64d,6241.69406,6241,6241,22341,2023-06-05T13:20:50.926Z,INFO,WebApi,10.108.2.244,72,o9.Framework.Common.Logging.FrameworkLogger,WebApi served the request: /api/crud/tenants/lsconfigsuggestions in : 65ms with status : OK,"",kibo
http://mygcpdevaa.o9solutions.com:9876/api/restore?overideExistingTenant=true&restoreSettings=undefined,79343c30-ba64-4c70-bc17-16a3686d2f9a,6241.69406,6241,6241,22341,2023-06-05T13:20:55.701Z,INFO,WebApi,10.108.2.244,10,o9.Framework.Common.Logging.FrameworkLogger,WebApi received the request: POST /api/restore,"",kibo
http://mygcpdevaa.o9solutions.com:9876/api/restore?overideExistingTenant=true&restoreSettings=undefined,79343c30-ba64-4c70-bc17-16a3686d2f9a,6241.69406,6241,6241,22341,2023-06-05T13:20:55.796Z,INFO,WebApi,10.108.2.244,86,o9.Framework.Common.Logging.FrameworkLogger,WebApi received the request: POST /api/framework/sessions/session/clone,"",kibo
http://mygcpdevaa.o9solutions.com:9876/api/restore?overideExistingTenant=true&restoreSettings=undefined,79343c30-ba64-4c70-bc17-16a3686d2f9a,6241.69406,6241,6241,22341,2023-06-05T13:20:55.820Z,INFO,WebApi,10.108.2.244,83,o9.Framework.Common.Logging.FrameworkLogger,WebApi served the request: /api/framework/sessions/session/clone in : 22ms with status : OK,"",kibo
http://mygcpdevaa.o9solutions.com:9876/api/restore?overideExistingTenant=true&restoreSettings=undefined,79343c30-ba64-4c70-bc17-16a3686d2f9a,6241.69406,6241,6241,22341,2023-06-05T13:20:55.870Z,INFO,WebApi,10.108.2.244,35,o9.Framework.Common.Logging.FrameworkLogger,WebApi served the request: /api/restore in : 172ms with status : OK,"",kibo
http://mygcpdevaa.o9solutions.com:9876/api/restore?overideExistingTenant=true&restoreSettings=undefined,79343c30-ba64-4c70-bc17-16a3686d2f9a,6241.69410,6241,6241,22341,2023-06-05T13:20:55.874Z,INFO,WebApi,10.108.2.244,85,o9.Framework.Common.Logging.FrameworkLogger,GlobalMutex: Acquiring exclusive lock for resource: RestoreDecider-52b6df4b-5556-4d6c-8dda-01a3bf889c72,"",kibo
http://mygcpdevaa.o9solutions.com:9876/api/restore?overideExistingTenant=true&restoreSettings=undefined,79343c30-ba64-4c70-bc17-16a3686d2f9a,6241.69410,6241,6241,22341,2023-06-05T13:20:55.876Z,INFO,WebApi,10.108.2.244,85,o9.Framework.Common.Logging.FrameworkLogger,GlobalMutex: Finished acquiring exclusive lock for resource: RestoreDecider-52b6df4b-5556-4d6c-8dda-01a3bf889c72,"",kibo
http://mygcpdevaa.o9solutions.com:9876/api/restore?overideExistingTenant=true&restoreSettings=undefined,79343c30-ba64-4c70-bc17-16a3686d2f9a,6241.69410,6241,6241,22341,2023-06-05T13:20:55.876Z,INFO,WebApi,10.108.2.244,85,o9.Framework.Common.Logging.FrameworkLogger,BackupRestoreDeciderHandler received message from: ,"",kibo
http://mygcpdevaa.o9solutions.com:9876/api/restore?overideExistingTenant=true&restoreSettings=undefined,79343c30-ba64-4c70-bc17-16a3686d2f9a,6241.69410,6241,6241,22341,2023-06-05T13:20:56.040Z,INFO,WebApi,10.108.2.244,85,o9.Framework.Common.Logging.FrameworkLogger,Restore Decider scheduling activity: RestorePrepareActivity,"",kibo
http://mygcpdevaa.o9solutions.com:9876/api/restore?overideExistingTenant=true&restoreSettings=undefined,79343c30-ba64-4c70-bc17-16a3686d2f9a,6241.69410,6241,6241,22341,2023-06-05T13:20:56.040Z,INFO,WebApi,10.108.2.244,35,o9.Framework.Common.Logging.FrameworkLogger,Inside Lock for task: 52b6df4b-5556-4d6c-8dda-01a3bf889c72.RestorePrepareActivity,"",kibo
http://mygcpdevaa.o9solutions.com:9876/api/restore?overideExistingTenant=true&restoreSettings=undefined,79343c30-ba64-4c70-bc17-16a3686d2f9a,6241.69410,6241,6241,22341,2023-06-05T13:20:56.040Z,INFO,WebApi,10.108.2.244,35,o9.Framework.Common.Logging.FrameworkLogger,Preparing for restore process activity task started...,"",kibo
http://mygcpdevaa.o9solutions.com:9876/api/restore/tenants/6241/restores/d0f7fd4a-8765-450a-8098-c3b73c278c29?_=1685970463962,8b506546-76e6-4478-8d80-0f9cda65d795,6241.69406,6241,6241,22341,2023-06-05T13:21:00.008Z,INFO,WebApi,10.108.2.244,31,o9.Framework.Common.Logging.FrameworkLogger,WebApi received the request: GET /api/restore/tenants/6241/restores/d0f7fd4a-8765-450a-8098-c3b73c278c29,"",kibo
http://mygcpdevaa.o9solutions.com:9876/api/restore/tenants/6241/restores/d0f7fd4a-8765-450a-8098-c3b73c278c29?_=1685970463962,8b506546-76e6-4478-8d80-0f9cda65d795,6241.69406,6241,6241,22341,2023-06-05T13:21:00.032Z,INFO,WebApi,10.108.2.244,59,o9.Framework.Common.Logging.FrameworkLogger,WebApi served the request: /api/restore/tenants/6241/restores/d0f7fd4a-8765-450a-8098-c3b73c278c29 in : 23ms with status : OK,"",kibo
http://mygcpdevaa.o9solutions.com:9876/api/restore?overideExistingTenant=true&restoreSettings=undefined,79343c30-ba64-4c70-bc17-16a3686d2f9a,6241.69410,6241,6241,22341,2023-06-05T13:21:02.045Z,INFO,WebApi,10.108.2.244,85,o9.Framework.Common.Logging.FrameworkLogger,GlobalMutex: Releasing exclusive lock for resource: RestoreDecider-52b6df4b-5556-4d6c-8dda-01a3bf889c72,"",kibo
http://mygcpdevaa.o9solutions.com:9876/api/restore?overideExistingTenant=true&restoreSettings=undefined,79343c30-ba64-4c70-bc17-16a3686d2f9a,6241.69410,6241,6241,22341,2023-06-05T13:21:02.046Z,INFO,WebApi,10.108.2.244,85,o9.Framework.Common.Logging.FrameworkLogger,GlobalMutex: Finished releasing exclusive lock for resource: RestoreDecider-52b6df4b-5556-4d6c-8dda-01a3bf889c72,"",kibo
http://mygcpdevaa.o9solutions.com:9876/api/restore/tenants/6241/restores/d0f7fd4a-8765-450a-8098-c3b73c278c29?_=1685970463963,f566d1ec-9a0f-4483-9cdb-1bc88ddad06d,6241.69406,6241,6241,22341,2023-06-05T13:21:02.176Z,INFO,WebApi,10.108.2.244,31,o9.Framework.Common.Logging.FrameworkLogger,WebApi received the request: GET /api/restore/tenants/6241/restores/d0f7fd4a-8765-450a-8098-c3b73c278c29,"",kibo
http://mygcpdevaa.o9solutions.com:9876/api/restore/tenants/6241/restores/d0f7fd4a-8765-450a-8098-c3b73c278c29?_=1685970463963,f566d1ec-9a0f-4483-9cdb-1bc88ddad06d,6241.69406,6241,6241,22341,2023-06-05T13:21:02.190Z,INFO,WebApi,10.108.2.244,83,o9.Framework.Common.Logging.FrameworkLogger,WebApi served the request: /api/restore/tenants/6241/restores/d0f7fd4a-8765-450a-8098-c3b73c278c29 in : 19ms with status : OK,"",kibo
http://mygcpdevaa.o9solutions.com:9876/api/restore?overideExistingTenant=true&restoreSettings=undefined,79343c30-ba64-4c70-bc17-16a3686d2f9a,6241.69410,6241,6241,22341,2023-06-05T13:21:06.451Z,INFO,WebApi,10.108.2.244,30,o9.Framework.Common.Logging.FrameworkLogger,Started downloading File from Bucket:stg00004backup-uc1 and path:o9.meiotestcase.d0f7fd4a-8765-450a-8098-c3b73c278c29/tenant_config.zip,"",kibo
http://mygcpdevaa.o9solutions.com:9876/api/restore?overideExistingTenant=true&restoreSettings=undefined,79343c30-ba64-4c70-bc17-16a3686d2f9a,6241.69410,6241,6241,22341,2023-06-05T13:21:06.806Z,INFO,WebApi,10.108.2.244,59,o9.Framework.Common.Logging.FrameworkLogger,Finished downloading File from Bucket:stg00004backup-uc1 and path:o9.meiotestcase.d0f7fd4a-8765-450a-8098-c3b73c278c29/tenant_config.zip,"",kibo
http://mygcpdevaa.o9solutions.com:9876/api/restore?overideExistingTenant=true&restoreSettings=undefined,79343c30-ba64-4c70-bc17-16a3686d2f9a,6241.69410,6241,6241,22341,2023-06-05T13:21:07.105Z,INFO,WebApi,10.108.2.244,8,o9.Framework.Common.Logging.FrameworkLogger,WebApi received the request: POST /api/configbackup/validate,"",kibo
http://mygcpdevaa.o9solutions.com:9876/api/restore?overideExistingTenant=true&restoreSettings=undefined,79343c30-ba64-4c70-bc17-16a3686d2f9a,6241.69410,6241,6241,22341,2023-06-05T13:21:11.446Z,INFO,WebApi,10.108.2.244,86,o9.Framework.Common.Logging.FrameworkLogger,WebApi served the request: /api/configbackup/validate in : 4353ms with status : OK,"",kibo
http://mygcpdevaa.o9solutions.com:9876/api/restore?overideExistingTenant=true&restoreSettings=undefined,79343c30-ba64-4c70-bc17-16a3686d2f9a,6241.69410,6241,6241,22341,2023-06-05T13:21:11.483Z,INFO,WebApi,10.108.2.244,35,o9.Framework.Common.Logging.FrameworkLogger,Successfully prepared restore process,"",kibo
http://mygcpdevaa.o9solutions.com:9876/api/restore?overideExistingTenant=true&restoreSettings=undefined,79343c30-ba64-4c70-bc17-16a3686d2f9a,6241.69410,6241,6241,22341,2023-06-05T13:21:21.622Z,INFO,WebApi,10.108.4.201,47,o9.Framework.Common.Logging.FrameworkLogger,GlobalMutex: Acquiring exclusive lock for resource: RestoreDecider-52b6df4b-5556-4d6c-8dda-01a3bf889c72,"",kibo
http://mygcpdevaa.o9solutions.com:9876/api/restore?overideExistingTenant=true&restoreSettings=undefined,79343c30-ba64-4c70-bc17-16a3686d2f9a,6241.69410,6241,6241,22341,2023-06-05T13:21:21.625Z,INFO,WebApi,10.108.2.244,35,o9.Framework.Common.Logging.FrameworkLogger,Preparing for restore process activity task completed with status - Successfully prepared restore process,"",kibo
http://mygcpdevaa.o9solutions.com:9876/api/restore?overideExistingTenant=true&restoreSettings=undefined,79343c30-ba64-4c70-bc17-16a3686d2f9a,6241.69410,6241,6241,22341,2023-06-05T13:21:21.630Z,INFO,WebApi,10.108.4.201,47,o9.Framework.Common.Logging.FrameworkLogger,GlobalMutex: Finished acquiring exclusive lock for resource: RestoreDecider-52b6df4b-5556-4d6c-8dda-01a3bf889c72,"",kibo
http://mygcpdevaa.o9solutions.com:9876/api/restore?overideExistingTenant=true&restoreSettings=undefined,79343c30-ba64-4c70-bc17-16a3686d2f9a,6241.69410,6241,6241,22341,2023-06-05T13:21:21.630Z,INFO,WebApi,10.108.4.201,47,o9.Framework.Common.Logging.FrameworkLogger,BackupRestoreDeciderHandler received message from: RestorePrepareActivity,"",kibo
http://mygcpdevaa.o9solutions.com:9876/api/restore?overideExistingTenant=true&restoreSettings=undefined,79343c30-ba64-4c70-bc17-16a3686d2f9a,6241.69410,6241,6241,22341,2023-06-05T13:21:21.846Z,INFO,WebApi,10.108.4.201,47,o9.Framework.Common.Logging.FrameworkLogger,Restore Decider scheduling activity: RestoreLiveServerStopOrInstallActivity,"",kibo
http://mygcpdevaa.o9solutions.com:9876/api/restore?overideExistingTenant=true&restoreSettings=undefined,79343c30-ba64-4c70-bc17-16a3686d2f9a,6241.69410,6241,6241,22341,2023-06-05T13:21:21.846Z,INFO,WebApi,10.108.4.201,74,o9.Framework.Common.Logging.FrameworkLogger,Inside Lock for task: 52b6df4b-5556-4d6c-8dda-01a3bf889c72.RestoreLiveServerStopOrInstallActivity,"",kibo
http://mygcpdevaa.o9solutions.com:9876/api/restore?overideExistingTenant=true&restoreSettings=undefined,79343c30-ba64-4c70-bc17-16a3686d2f9a,6241.69410,6241,6241,22341,2023-06-05T13:21:21.846Z,INFO,WebApi,10.108.4.201,74,o9.Framework.Common.Logging.FrameworkLogger,Stop or Install LiveServer activity task started...,"",kibo
http://mygcpdevaa.o9solutions.com:9876/api/restore?overideExistingTenant=true&restoreSettings=undefined,79343c30-ba64-4c70-bc17-16a3686d2f9a,6241.69410,6241,6241,22341,2023-06-05T13:21:21.976Z,INFO,WebApi,10.108.2.244,32,o9.Framework.Common.Logging.FrameworkLogger,Inside Lock for task: 52b6df4b-5556-4d6c-8dda-01a3bf889c72.RestoreSystemSettingsActivity,"",kibo
http://mygcpdevaa.o9solutions.com:9876/api/restore?overideExistingTenant=true&restoreSettings=undefined,79343c30-ba64-4c70-bc17-16a3686d2f9a,6241.69410,6241,6241,22341,2023-06-05T13:21:21.976Z,INFO,WebApi,10.108.2.244,32,o9.Framework.Common.Logging.FrameworkLogger,Restoring system settings activity task started...,"",kibo
http://mygcpdevaa.o9solutions.com:9876/api/restore?overideExistingTenant=true&restoreSettings=undefined,79343c30-ba64-4c70-bc17-16a3686d2f9a,6241.69410,6241,6241,22341,2023-06-05T13:21:21.982Z,INFO,WebApi,10.108.4.201,47,o9.Framework.Common.Logging.FrameworkLogger,Restore Decider scheduling activity: RestoreSystemSettingsActivity,"",kibo
http://mygcpdevaa.o9solutions.com:9876/api/restore?overideExistingTenant=true&restoreSettings=undefined,79343c30-ba64-4c70-bc17-16a3686d2f9a,6241.69410,6241,6241,22341,2023-06-05T13:21:22.078Z,INFO,WebApi,10.108.4.201,47,o9.Framework.Common.Logging.FrameworkLogger,Restore Decider scheduling activity: RestoreUserConfigActivity,"",kibo
http://mygcpdevaa.o9solutions.com:9876/api/restore?overideExistingTenant=true&restoreSettings=undefined,79343c30-ba64-4c70-bc17-16a3686d2f9a,6241.69410,6241,6241,22341,2023-06-05T13:21:22.087Z,INFO,WebApi,10.108.4.201,36,o9.Framework.Common.Logging.FrameworkLogger,Inside Lock for task: 52b6df4b-5556-4d6c-8dda-01a3bf889c72.RestoreUserConfigActivity,"",kibo
http://mygcpdevaa.o9solutions.com:9876/api/restore?overideExistingTenant=true&restoreSettings=undefined,79343c30-ba64-4c70-bc17-16a3686d2f9a,6241.69410,6241,6241,22341,2023-06-05T13:21:22.087Z,INFO,WebApi,10.108.4.201,36,o9.Framework.Common.Logging.FrameworkLogger,Restore User Config Activity activity task started...,"",kibo
http://mygcpdevaa.o9solutions.com:9876/api/restore?overideExistingTenant=true&restoreSettings=undefined,79343c30-ba64-4c70-bc17-16a3686d2f9a,6241.69410,6241,6241,22341,2023-06-05T13:21:28.095Z,INFO,WebApi,10.108.4.201,47,o9.Framework.Common.Logging.FrameworkLogger,GlobalMutex: Releasing exclusive lock for resource: RestoreDecider-52b6df4b-5556-4d6c-8dda-01a3bf889c72,"",kibo
http://mygcpdevaa.o9solutions.com:9876/api/restore?overideExistingTenant=true&restoreSettings=undefined,79343c30-ba64-4c70-bc17-16a3686d2f9a,6241.69410,6241,6241,22341,2023-06-05T13:21:28.099Z,INFO,WebApi,10.108.4.201,47,o9.Framework.Common.Logging.FrameworkLogger,GlobalMutex: Finished releasing exclusive lock for resource: RestoreDecider-52b6df4b-5556-4d6c-8dda-01a3bf889c72,"",kibo
http://mygcpdevaa.o9solutions.com:9876/api/restore?overideExistingTenant=true&restoreSettings=undefined,79343c30-ba64-4c70-bc17-16a3686d2f9a,6241.69410,6241,6241,22341,2023-06-05T13:21:31.955Z,INFO,WebApi,10.108.4.201,49,o9.Framework.Common.Logging.FrameworkLogger,WebApi received the request: GET /api/tenants/6241/deploy/liveserver/status,"",kibo
http://mygcpdevaa.o9solutions.com:9876/api/restore?overideExistingTenant=true&restoreSettings=undefined,79343c30-ba64-4c70-bc17-16a3686d2f9a,6241.69410,6241,6241,22341,2023-06-05T13:21:31.965Z,INFO,WebApi,10.108.4.201,35,o9.Framework.Common.Logging.FrameworkLogger,WebApi served the request: /api/tenants/6241/deploy/liveserver/status in : 16ms with status : OK,"",kibo
http://mygcpdevaa.o9solutions.com:9876/api/restore?overideExistingTenant=true&restoreSettings=undefined,79343c30-ba64-4c70-bc17-16a3686d2f9a,6241.69410,6241,6241,22341,2023-06-05T13:21:31.983Z,INFO,WebApi,10.108.4.201,82,o9.Framework.Common.Logging.FrameworkLogger,WebApi received the request: POST /api/tenants/6241/deploy/liveserver,"",kibo
http://mygcpdevaa.o9solutions.com:9876/api/restore?overideExistingTenant=true&restoreSettings=undefined,79343c30-ba64-4c70-bc17-16a3686d2f9a,6241.69410,6241,6241,22341,2023-06-05T13:21:31.985Z,INFO,WebApi,10.108.4.201,86,o9.Framework.Common.Logging.FrameworkLogger,Notifying install agent to stop standby GraphCubeService for TenantId - 6241,"",kibo
http://mygcpdevaa.o9solutions.com:9876/api/restore?overideExistingTenant=true&restoreSettings=undefined,79343c30-ba64-4c70-bc17-16a3686d2f9a,6241.69410,6241,6241,22341,2023-06-05T13:21:32.002Z,INFO,WebApi,10.108.4.201,86,o9.Framework.Common.Logging.FrameworkLogger,Connecting to GraphCube server using connection string: connectionprotocol=TCP;server=10.108.25.11;port=29473;encryptconnections=False,"",kibo
http://mygcpdevaa.o9solutions.com:9876/api/restore?overideExistingTenant=true&restoreSettings=undefined,79343c30-ba64-4c70-bc17-16a3686d2f9a,6241.69410,6241,6241,22341,2023-06-05T13:21:32.090Z,INFO,WebApi,10.108.2.244,32,o9.Framework.Common.Logging.FrameworkLogger,Started downloading File from Bucket:stg00004backup-uc1 and path:o9.meiotestcase.d0f7fd4a-8765-450a-8098-c3b73c278c29/systemsettings.zip,"",kibo
http://mygcpdevaa.o9solutions.com:9876/api/restore?overideExistingTenant=true&restoreSettings=undefined,79343c30-ba64-4c70-bc17-16a3686d2f9a,6241.69410,6241,6241,22341,2023-06-05T13:21:32.138Z,INFO,WebApi,10.108.2.244,35,o9.Framework.Common.Logging.FrameworkLogger,Finished downloading File from Bucket:stg00004backup-uc1 and path:o9.meiotestcase.d0f7fd4a-8765-450a-8098-c3b73c278c29/systemsettings.zip,"",kibo
http://mygcpdevaa.o9solutions.com:9876/api/restore?overideExistingTenant=true&restoreSettings=undefined,79343c30-ba64-4c70-bc17-16a3686d2f9a,6241.69410,6241,6241,22341,2023-06-05T13:21:32.201Z,INFO,WebApi,10.108.4.201,36,o9.Framework.Common.Logging.FrameworkLogger,Started downloading File from Bucket:stg00004backup-uc1 and path:o9.meiotestcase.d0f7fd4a-8765-450a-8098-c3b73c278c29/user_config.csv,"",kibo
http://mygcpdevaa.o9solutions.com:9876/api/restore?overideExistingTenant=true&restoreSettings=undefined,79343c30-ba64-4c70-bc17-16a3686d2f9a,6241.69410,6241,6241,22341,2023-06-05T13:21:32.272Z,INFO,WebApi,10.108.2.244,31,o9.Framework.Common.Logging.FrameworkLogger,WebApi received the request: POST /api/crud/tenants/6241/systemsettings/zip,"",kibo
http://mygcpdevaa.o9solutions.com:9876/api/restore?overideExistingTenant=true&restoreSettings=undefined,79343c30-ba64-4c70-bc17-16a3686d2f9a,6241.69410,6241,6241,22341,2023-06-05T13:21:32.301Z,INFO,WebApi,10.108.4.201,89,o9.Framework.Common.Logging.FrameworkLogger,Finished downloading File from Bucket:stg00004backup-uc1 and path:o9.meiotestcase.d0f7fd4a-8765-450a-8098-c3b73c278c29/user_config.csv,"",kibo
http://mygcpdevaa.o9solutions.com:9876/api/restore?overideExistingTenant=true&restoreSettings=undefined,79343c30-ba64-4c70-bc17-16a3686d2f9a,6241.69410,6241,6241,22341,2023-06-05T13:21:32.333Z,INFO,WebApi,10.108.2.244,28,o9.Framework.Common.Logging.FrameworkLogger,Restoring System Settings...,"",kibo
http://mygcpdevaa.o9solutions.com:9876/api/restore?overideExistingTenant=true&restoreSettings=undefined,79343c30-ba64-4c70-bc17-16a3686d2f9a,6241.69410,6241,6241,22341,2023-06-05T13:21:32.350Z,INFO,WebApi,10.108.2.244,28,o9.Framework.Common.Logging.FrameworkLogger,Restore System Settings Complete...,"",kibo
http://mygcpdevaa.o9solutions.com:9876/api/restore?overideExistingTenant=true&restoreSettings=undefined,79343c30-ba64-4c70-bc17-16a3686d2f9a,6241.69410,6241,6241,22341,2023-06-05T13:21:32.355Z,INFO,WebApi,10.108.2.244,95,o9.Framework.Common.Logging.FrameworkLogger,WebApi served the request: /api/crud/tenants/6241/systemsettings/zip in : 81ms with status : Created,"",kibo
http://mygcpdevaa.o9solutions.com:9876/api/restore?overideExistingTenant=true&restoreSettings=undefined,79343c30-ba64-4c70-bc17-16a3686d2f9a,6241.69410,6241,6241,22341,2023-06-05T13:21:32.356Z,INFO,WebApi,10.108.2.244,32,o9.Framework.Common.Logging.FrameworkLogger,Successfully restored system settings with message - ,"",kibo
http://mygcpdevaa.o9solutions.com:9876/api/restore?overideExistingTenant=true&restoreSettings=undefined,79343c30-ba64-4c70-bc17-16a3686d2f9a,6241.69410,6241,6241,22341,2023-06-05T13:21:32.456Z,INFO,WebApi,10.108.4.201,60,o9.Framework.Common.Logging.FrameworkLogger,WebApi received the request: POST /api/crud/tenants/6241/users/upload,"",kibo
http://mygcpdevaa.o9solutions.com:9876/api/restore?overideExistingTenant=true&restoreSettings=undefined,79343c30-ba64-4c70-bc17-16a3686d2f9a,6241.69410,6241,6241,22341,2023-06-05T13:21:32.550Z,WARN,WebApi,10.108.4.201,90,o9.Framework.Common.Logging.FrameworkLogger,"Ignored non o9 email found in users upload -  Name:admin, Email:admin@o9emptytemplate.com","",kibo
http://mygcpdevaa.o9solutions.com:9876/api/restore?overideExistingTenant=true&restoreSettings=undefined,79343c30-ba64-4c70-bc17-16a3686d2f9a,6241.69410,6241,6241,22341,2023-06-05T13:21:38.485Z,INFO,WebApi,10.108.4.201,90,o9.Framework.Common.Logging.FrameworkLogger,"Restoring the user in users upload -  Name:manisha.satapathy@o9solutions.com, Email:manisha.satapathy@o9solutions.com to o9 Org:1 because email ends with o9solutions.com","",kibo
http://mygcpdevaa.o9solutions.com:9876/api/restore?overideExistingTenant=true&restoreSettings=undefined,79343c30-ba64-4c70-bc17-16a3686d2f9a,6241.69410,6241,6241,22341,2023-06-05T13:21:38.765Z,INFO,WebApi,10.108.4.201,90,o9.Framework.Common.Logging.FrameworkLogger,"Restoring the user in users upload -  Name:Vishal Chawla, Email:vishal.chawla@o9solutions.com to o9 Org:1 because email ends with o9solutions.com","",kibo
http://mygcpdevaa.o9solutions.com:9876/api/restore?overideExistingTenant=true&restoreSettings=undefined,79343c30-ba64-4c70-bc17-16a3686d2f9a,6241.69410,6241,6241,22341,2023-06-05T13:21:38.783Z,INFO,WebApi,10.108.4.201,90,o9.Framework.Common.Logging.FrameworkLogger,"Restoring the user in users upload -  Name:Adithya Srinivas, Email:adithya.srinivas@o9solutions.com to o9 Org:1 because email ends with o9solutions.com","",kibo
http://mygcpdevaa.o9solutions.com:9876/api/restore?overideExistingTenant=true&restoreSettings=undefined,79343c30-ba64-4c70-bc17-16a3686d2f9a,6241.69410,6241,6241,22341,2023-06-05T13:21:42.463Z,INFO,WebApi,10.108.2.244,32,o9.Framework.Common.Logging.FrameworkLogger,Restoring system settings activity task completed with status - Successfully restored system settings with message - ,"",kibo
http://mygcpdevaa.o9solutions.com:9876/api/restore?overideExistingTenant=true&restoreSettings=undefined,79343c30-ba64-4c70-bc17-16a3686d2f9a,6241.69410,6241,6241,22341,2023-06-05T13:21:42.471Z,INFO,WebApi,10.108.2.244,44,o9.Framework.Common.Logging.FrameworkLogger,GlobalMutex: Acquiring exclusive lock for resource: RestoreDecider-52b6df4b-5556-4d6c-8dda-01a3bf889c72,"",kibo
http://mygcpdevaa.o9solutions.com:9876/api/restore?overideExistingTenant=true&restoreSettings=undefined,79343c30-ba64-4c70-bc17-16a3686d2f9a,6241.69410,6241,6241,22341,2023-06-05T13:21:42.472Z,INFO,WebApi,10.108.2.244,44,o9.Framework.Common.Logging.FrameworkLogger,GlobalMutex: Finished acquiring exclusive lock for resource: RestoreDecider-52b6df4b-5556-4d6c-8dda-01a3bf889c72,"",kibo
http://mygcpdevaa.o9solutions.com:9876/api/restore?overideExistingTenant=true&restoreSettings=undefined,79343c30-ba64-4c70-bc17-16a3686d2f9a,6241.69410,6241,6241,22341,2023-06-05T13:21:42.473Z,INFO,WebApi,10.108.2.244,44,o9.Framework.Common.Logging.FrameworkLogger,BackupRestoreDeciderHandler received message from: RestoreSystemSettingsActivity,"",kibo
http://mygcpdevaa.o9solutions.com:9876/api/restore?overideExistingTenant=true&restoreSettings=undefined,79343c30-ba64-4c70-bc17-16a3686d2f9a,6241.69410,6241,6241,22341,2023-06-05T13:21:48.548Z,INFO,WebApi,10.108.2.244,44,o9.Framework.Common.Logging.FrameworkLogger,GlobalMutex: Releasing exclusive lock for resource: RestoreDecider-52b6df4b-5556-4d6c-8dda-01a3bf889c72,"",kibo
http://mygcpdevaa.o9solutions.com:9876/api/restore?overideExistingTenant=true&restoreSettings=undefined,79343c30-ba64-4c70-bc17-16a3686d2f9a,6241.69410,6241,6241,22341,2023-06-05T13:21:48.550Z,INFO,WebApi,10.108.2.244,44,o9.Framework.Common.Logging.FrameworkLogger,GlobalMutex: Finished releasing exclusive lock for resource: RestoreDecider-52b6df4b-5556-4d6c-8dda-01a3bf889c72,"",kibo
http://mygcpdevaa.o9solutions.com:9876/api/restore?overideExistingTenant=true&restoreSettings=undefined,79343c30-ba64-4c70-bc17-16a3686d2f9a,6241.69410,6241,6241,22341,2023-06-05T13:21:53.030Z,ERROR,WebApi,10.108.4.201,67,o9.Framework.Common.Logging.FrameworkLogger,Unable to open connection to GraphCube server using connection string: ConnectionProtocol=TCP;Server=10.108.25.11;Port=29473;LiveServerDnsIdentity=;EncryptConnections=False,"System.ServiceModel.EndpointNotFoundException: Could not connect to net.tcp://10.108.25.11:29473/graphcube. The connection attempt lasted for a time span of 00:00:21.0244751. TCP error code 10060: A connection attempt failed because the connected party did not properly respond after a period of time, or established connection failed because connected host has failed to respond 10.108.25.11:29473.  ---> System.Net.Sockets.SocketException: A connection attempt failed because the connected party did not properly respond after a period of time, or established connection failed because connected host has failed to respond 10.108.25.11:29473
   at System.Net.Sockets.Socket.InternalEndConnect(IAsyncResult asyncResult)
   at System.Net.Sockets.Socket.EndConnect(IAsyncResult asyncResult)
   at System.ServiceModel.Channels.SocketConnectionInitiator.ConnectAsyncResult.OnConnect(IAsyncResult result)
   --- End of inner exception stack trace ---

Server stack trace: 
   at System.Runtime.AsyncResult.End[TAsyncResult](IAsyncResult result)
   at System.ServiceModel.Channels.ServiceChannel.SendAsyncResult.End(SendAsyncResult result)
   at System.ServiceModel.Channels.ServiceChannel.EndCall(String action, Object[] outs, IAsyncResult result)
   at System.ServiceModel.Channels.ServiceChannelProxy.InvokeEndService(IMethodCallMessage methodCall, ProxyOperationRuntime operation)
   at System.ServiceModel.Channels.ServiceChannelProxy.Invoke(IMessage message)

Exception rethrown at [0]: 
   at o9.LiveServer.Client.Ado.LsClientExceptionAspect.OnException(MethodExecutionArgs args) in C:\a\2\o9.Platform\LiveServer\Client\o9.LiveServer.Client\Aspects\LsClientExceptionAspect.cs:line 43
   at o9.LiveServer.Client.Ado.LsClient.EndPingLiveServer(IAsyncResult result) in C:\a\2\o9.Platform\LiveServer\Client\o9.LiveServer.Client\LsClient.cs:line 60
   at System.Threading.Tasks.TaskFactory`1.FromAsyncCoreLogic(IAsyncResult iar, Func`2 endFunction, Action`1 endAction, Task`1 promise, Boolean requiresSynchronization)
--- End of stack trace from previous location where exception was thrown ---
   at System.Runtime.ExceptionServices.ExceptionDispatchInfo.Throw()
   at System.Runtime.CompilerServices.TaskAwaiter.HandleNonSuccessAndDebuggerNotification(Task task)
   at o9.LiveServer.Client.Ado.LsConnection.<PingLiveServerAsync>d__44.MoveNext() in C:\a\2\o9.Platform\LiveServer\Client\o9.LiveServer.Client\LsConnection.cs:line 284
--- End of stack trace from previous location where exception was thrown ---
   at System.Runtime.ExceptionServices.ExceptionDispatchInfo.Throw()
   at System.Runtime.CompilerServices.TaskAwaiter.HandleNonSuccessAndDebuggerNotification(Task task)
   at o9.Framework.WebAPI.Controllers.Caching.LiveServerConnectionCache.<OpenConnectionAsync>d__24.MoveNext() in C:\a\2\o9.Platform\WebAPI\Framework.WebAPI.Controllers\Caching\LiveServerConnectionCache.cs:line 300
",kibo
http://mygcpdevaa.o9solutions.com:9876/api/restore?overideExistingTenant=true&restoreSettings=undefined,79343c30-ba64-4c70-bc17-16a3686d2f9a,6241.69410,6241,6241,22341,2023-06-05T13:21:53.031Z,ERROR,WebApi,10.108.4.201,67,o9.Framework.Common.Logging.FrameworkLogger,"o9.LiveServer.Client.Ado.LsAdoException: Unable to open connection to GraphCube server using connection string: ConnectionProtocol=TCP;Server=10.108.25.11;Port=29473;LiveServerDnsIdentity=;EncryptConnections=False ---> System.ServiceModel.EndpointNotFoundException: Could not connect to net.tcp://10.108.25.11:29473/graphcube. The connection attempt lasted for a time span of 00:00:21.0244751. TCP error code 10060: A connection attempt failed because the connected party did not properly respond after a period of time, or established connection failed because connected host has failed to respond 10.108.25.11:29473.  ---> System.Net.Sockets.SocketException: A connection attempt failed because the connected party did not properly respond after a period of time, or established connection failed because connected host has failed to respond 10.108.25.11:29473
   at System.Net.Sockets.Socket.InternalEndConnect(IAsyncResult asyncResult)
   at System.Net.Sockets.Socket.EndConnect(IAsyncResult asyncResult)
   at System.ServiceModel.Channels.SocketConnectionInitiator.ConnectAsyncResult.OnConnect(IAsyncResult result)
   --- End of inner exception stack trace ---

Server stack trace: 
   at System.Runtime.AsyncResult.End[TAsyncResult](IAsyncResult result)
   at System.ServiceModel.Channels.ServiceChannel.SendAsyncResult.End(SendAsyncResult result)
   at System.ServiceModel.Channels.ServiceChannel.EndCall(String action, Object[] outs, IAsyncResult result)
   at System.ServiceModel.Channels.ServiceChannelProxy.InvokeEndService(IMethodCallMessage methodCall, ProxyOperationRuntime operation)
   at System.ServiceModel.Channels.ServiceChannelProxy.Invoke(IMessage message)

Exception rethrown at [0]: 
   at o9.LiveServer.Client.Ado.LsClientExceptionAspect.OnException(MethodExecutionArgs args) in C:\a\2\o9.Platform\LiveServer\Client\o9.LiveServer.Client\Aspects\LsClientExceptionAspect.cs:line 43
   at o9.LiveServer.Client.Ado.LsClient.EndPingLiveServer(IAsyncResult result) in C:\a\2\o9.Platform\LiveServer\Client\o9.LiveServer.Client\LsClient.cs:line 60
   at System.Threading.Tasks.TaskFactory`1.FromAsyncCoreLogic(IAsyncResult iar, Func`2 endFunction, Action`1 endAction, Task`1 promise, Boolean requiresSynchronization)
--- End of stack trace from previous location where exception was thrown ---
   at System.Runtime.ExceptionServices.ExceptionDispatchInfo.Throw()
   at System.Runtime.CompilerServices.TaskAwaiter.HandleNonSuccessAndDebuggerNotification(Task task)
   at o9.LiveServer.Client.Ado.LsConnection.<PingLiveServerAsync>d__44.MoveNext() in C:\a\2\o9.Platform\LiveServer\Client\o9.LiveServer.Client\LsConnection.cs:line 284
--- End of stack trace from previous location where exception was thrown ---
   at System.Runtime.ExceptionServices.ExceptionDispatchInfo.Throw()
   at System.Runtime.CompilerServices.TaskAwaiter.HandleNonSuccessAndDebuggerNotification(Task task)
   at o9.Framework.WebAPI.Controllers.Caching.LiveServerConnectionCache.<OpenConnectionAsync>d__24.MoveNext() in C:\a\2\o9.Platform\WebAPI\Framework.WebAPI.Controllers\Caching\LiveServerConnectionCache.cs:line 300
   --- End of inner exception stack trace ---
   at o9.Framework.WebAPI.Controllers.Caching.LiveServerConnectionCache.<OpenConnectionAsync>d__24.MoveNext() in C:\a\2\o9.Platform\WebAPI\Framework.WebAPI.Controllers\Caching\LiveServerConnectionCache.cs:line 306
--- End of stack trace from previous location where exception was thrown ---
   at System.Runtime.ExceptionServices.ExceptionDispatchInfo.Throw()
   at System.Runtime.CompilerServices.TaskAwaiter.HandleNonSuccessAndDebuggerNotification(Task task)
   at o9.Framework.WebAPI.Controllers.Caching.LiveServerConnectionCache.<GetOrAdd>d__17.MoveNext() in C:\a\2\o9.Platform\WebAPI\Framework.WebAPI.Controllers\Caching\LiveServerConnectionCache.cs:line 203
--- End of stack trace from previous location where exception was thrown ---
   at System.Runtime.ExceptionServices.ExceptionDispatchInfo.Throw()
   at System.Runtime.CompilerServices.TaskAwaiter.HandleNonSuccessAndDebuggerNotification(Task task)
   at o9.Framework.WebAPI.Controllers.Caching.LiveServerConnectionCache.<GetCachedConnectionAsync>d__25.MoveNext() in C:\a\2\o9.Platform\WebAPI\Framework.WebAPI.Controllers\Caching\LiveServerConnectionCache.cs:line 340
--- End of stack trace from previous location where exception was thrown ---
   at System.Runtime.ExceptionServices.ExceptionDispatchInfo.Throw()
   at System.Runtime.CompilerServices.TaskAwaiter.HandleNonSuccessAndDebuggerNotification(Task task)
   at o9.Framework.WebAPI.Controllers.LiveServerCommandHelper.<ShutDownLiveServerAsync>d__40.MoveNext() in C:\a\2\o9.Platform\WebAPI\Framework.WebAPI.Controllers\LiveServerCommandHelper.cs:line 919
--- End of stack trace from previous location where exception was thrown ---
   at System.Runtime.ExceptionServices.ExceptionDispatchInfo.Throw()
   at System.Runtime.CompilerServices.TaskAwaiter.HandleNonSuccessAndDebuggerNotification(Task task)
   at o9.WebAPI.Deployment.LiveServerDeploymentController.<ExecuteActionOnLiveServerAsync>d__17.MoveNext() in C:\a\2\o9.Platform\WebAPI\Deployment\LiveServer\LiveServerDeploymentController.cs:line 518","",kibo
http://mygcpdevaa.o9solutions.com:9876/api/restore?overideExistingTenant=true&restoreSettings=undefined,79343c30-ba64-4c70-bc17-16a3686d2f9a,6241.69410,6241,6241,22341,2023-06-05T13:21:53.032Z,INFO,WebApi,10.108.4.201,93,o9.Framework.Common.Logging.FrameworkLogger,WebApi served the request: /api/tenants/6241/deploy/liveserver in : 21055ms with status : OK,"",kibo
http://mygcpdevaa.o9solutions.com:9876/api/restore?overideExistingTenant=true&restoreSettings=undefined,79343c30-ba64-4c70-bc17-16a3686d2f9a,6241.69410,6241,6241,22341,2023-06-05T13:21:53.041Z,INFO,WebApi,10.108.4.201,50,o9.Framework.Common.Logging.FrameworkLogger,WebApi received the request: GET /api/tenants/6241/deploy/liveserver/status,"",kibo
http://mygcpdevaa.o9solutions.com:9876/api/restore?overideExistingTenant=true&restoreSettings=undefined,79343c30-ba64-4c70-bc17-16a3686d2f9a,6241.69410,6241,6241,22341,2023-06-05T13:21:53.050Z,INFO,WebApi,10.108.4.201,90,o9.Framework.Common.Logging.FrameworkLogger,WebApi served the request: /api/tenants/6241/deploy/liveserver/status in : 16ms with status : OK,"",kibo
http://mygcpdevaa.o9solutions.com:9876/api/restore?overideExistingTenant=true&restoreSettings=undefined,79343c30-ba64-4c70-bc17-16a3686d2f9a,6241.69410,6241,6241,22341,2023-06-05T13:21:53.050Z,INFO,WebApi,10.108.4.201,74,o9.Framework.Common.Logging.FrameworkLogger,Successfully stopped GraphCube server,"",kibo
http://mygcpdevaa.o9solutions.com:9876/api/restore?overideExistingTenant=true&restoreSettings=undefined,79343c30-ba64-4c70-bc17-16a3686d2f9a,6241.69410,6241,6241,22341,2023-06-05T13:22:03.166Z,INFO,WebApi,10.108.4.201,74,o9.Framework.Common.Logging.FrameworkLogger,Stop or Install LiveServer activity task completed with status - Successfully stopped GraphCube server,"",kibo
http://mygcpdevaa.o9solutions.com:9876/api/restore?overideExistingTenant=true&restoreSettings=undefined,79343c30-ba64-4c70-bc17-16a3686d2f9a,6241.69410,6241,6241,22341,2023-06-05T13:22:03.171Z,INFO,WebApi,10.108.4.201,47,o9.Framework.Common.Logging.FrameworkLogger,GlobalMutex: Acquiring exclusive lock for resource: RestoreDecider-52b6df4b-5556-4d6c-8dda-01a3bf889c72,"",kibo
http://mygcpdevaa.o9solutions.com:9876/api/restore?overideExistingTenant=true&restoreSettings=undefined,79343c30-ba64-4c70-bc17-16a3686d2f9a,6241.69410,6241,6241,22341,2023-06-05T13:22:03.172Z,INFO,WebApi,10.108.4.201,47,o9.Framework.Common.Logging.FrameworkLogger,GlobalMutex: Finished acquiring exclusive lock for resource: RestoreDecider-52b6df4b-5556-4d6c-8dda-01a3bf889c72,"",kibo
http://mygcpdevaa.o9solutions.com:9876/api/restore?overideExistingTenant=true&restoreSettings=undefined,79343c30-ba64-4c70-bc17-16a3686d2f9a,6241.69410,6241,6241,22341,2023-06-05T13:22:03.172Z,INFO,WebApi,10.108.4.201,47,o9.Framework.Common.Logging.FrameworkLogger,BackupRestoreDeciderHandler received message from: RestoreLiveServerStopOrInstallActivity,"",kibo
http://mygcpdevaa.o9solutions.com:9876/api/restore?overideExistingTenant=true&restoreSettings=undefined,79343c30-ba64-4c70-bc17-16a3686d2f9a,6241.69410,6241,6241,22341,2023-06-05T13:22:03.338Z,INFO,WebApi,10.108.4.201,47,o9.Framework.Common.Logging.FrameworkLogger,Restore Decider scheduling activity: RestoreLiveServerDataActivity,"",kibo
http://mygcpdevaa.o9solutions.com:9876/api/restore?overideExistingTenant=true&restoreSettings=undefined,79343c30-ba64-4c70-bc17-16a3686d2f9a,6241.69410,6241,6241,22341,2023-06-05T13:22:07.855Z,ERROR,WebApi,10.108.4.201,32,o9.Framework.Common.Logging.FrameworkLogger,"System.Data.Entity.Infrastructure.RetryLimitExceededException: Maximum number of retries (5) exceeded while executing database operations with 'RetryExecutionStrategy'. See inner exception for the most recent failure. ---> System.Data.Entity.Core.UpdateException: An error occurred while updating the entries. See the inner exception for details. ---> System.Data.SqlClient.SqlException: The UPDATE statement conflicted with the FOREIGN KEY constraint ""FK_Users_Tenants"". The conflict occurred in database ""o9.TenantModel"", table ""dbo.Tenants"", column 'Id'.
The statement has been terminated.
   at System.Data.SqlClient.SqlConnection.OnError(SqlException exception, Boolean breakConnection, Action`1 wrapCloseInAction)
   at System.Data.SqlClient.TdsParser.ThrowExceptionAndWarning(TdsParserStateObject stateObj, Boolean callerHasConnectionLock, Boolean asyncClose)
   at System.Data.SqlClient.TdsParser.TryRun(RunBehavior runBehavior, SqlCommand cmdHandler, SqlDataReader dataStream, BulkCopySimpleResultSet bulkCopyHandler, TdsParserStateObject stateObj, Boolean& dataReady)
   at System.Data.SqlClient.SqlDataReader.TryConsumeMetaData()
   at System.Data.SqlClient.SqlDataReader.get_MetaData()
   at System.Data.SqlClient.SqlCommand.FinishExecuteReader(SqlDataReader ds, RunBehavior runBehavior, String resetOptionsString, Boolean isInternal, Boolean forDescribeParameterEncryption, Boolean shouldCacheForAlwaysEncrypted)
   at System.Data.SqlClient.SqlCommand.RunExecuteReaderTds(CommandBehavior cmdBehavior, RunBehavior runBehavior, Boolean returnStream, Boolean async, Int32 timeout, Task& task, Boolean asyncWrite, Boolean inRetry, SqlDataReader ds, Boolean describeParameterEncryptionRequest)
   at System.Data.SqlClient.SqlCommand.RunExecuteReader(CommandBehavior cmdBehavior, RunBehavior runBehavior, Boolean returnStream, String method, TaskCompletionSource`1 completion, Int32 timeout, Task& task, Boolean& usedCache, Boolean asyncWrite, Boolean inRetry)
   at System.Data.SqlClient.SqlCommand.RunExecuteReader(CommandBehavior cmdBehavior, RunBehavior runBehavior, Boolean returnStream, String method)
   at System.Data.SqlClient.SqlCommand.ExecuteReader(CommandBehavior behavior, String method)
   at System.Data.Entity.Infrastructure.Interception.InternalDispatcher`1.Dispatch[TTarget,TInterceptionContext,TResult](TTarget target, Func`3 operation, TInterceptionContext interceptionContext, Action`3 executing, Action`3 executed)
   at System.Data.Entity.Infrastructure.Interception.DbCommandDispatcher.Reader(DbCommand command, DbCommandInterceptionContext interceptionContext)
   at System.Data.Entity.Core.Mapping.Update.Internal.DynamicUpdateCommand.Execute(Dictionary`2 identifierValues, List`1 generatedValues)
   at System.Data.Entity.Core.Mapping.Update.Internal.UpdateTranslator.Update()
   --- End of inner exception stack trace ---
   at System.Data.Entity.Core.Mapping.Update.Internal.UpdateTranslator.Update()
   at System.Data.Entity.Core.Objects.ObjectContext.ExecuteInTransaction[T](Func`1 func, IDbExecutionStrategy executionStrategy, Boolean startLocalTransaction, Boolean releaseConnectionOnSuccess)
   at System.Data.Entity.Core.Objects.ObjectContext.SaveChangesToStore(SaveOptions options, IDbExecutionStrategy executionStrategy, Boolean startLocalTransaction)
   at System.Data.Entity.Infrastructure.DbExecutionStrategy.Execute[TResult](Func`1 operation)
   --- End of inner exception stack trace ---
   at System.Data.Entity.Infrastructure.DbExecutionStrategy.Execute[TResult](Func`1 operation)
   at System.Data.Entity.Core.Objects.ObjectContext.SaveChangesInternal(SaveOptions options, Boolean executeInExistingTransaction)
   at System.Data.Entity.Internal.InternalContext.SaveChanges()
   at o9.WebAPI.Configuration.crud.tenant.UserCrudController.<UploadCsvToUpdateUsers>d__24.MoveNext() in C:\a\2\o9.Platform\WebAPI\Configuration\crud\tenant\UserCrudController.cs:line 0
--- End of stack trace from previous location where exception was thrown ---
   at System.Runtime.ExceptionServices.ExceptionDispatchInfo.Throw()
   at System.Runtime.CompilerServices.TaskAwaiter.HandleNonSuccessAndDebuggerNotification(Task task)
   at System.Threading.Tasks.TaskHelpersExtensions.<CastToObject>d__1`1.MoveNext()
--- End of stack trace from previous location where exception was thrown ---
   at System.Runtime.ExceptionServices.ExceptionDispatchInfo.Throw()
   at System.Runtime.CompilerServices.TaskAwaiter.HandleNonSuccessAndDebuggerNotification(Task task)
   at System.Web.Http.Controllers.ApiControllerActionInvoker.<InvokeActionAsyncCore>d__1.MoveNext()
--- End of stack trace from previous location where exception was thrown ---
   at System.Runtime.ExceptionServices.ExceptionDispatchInfo.Throw()
   at System.Runtime.CompilerServices.TaskAwaiter.HandleNonSuccessAndDebuggerNotification(Task task)
   at System.Web.Http.Filters.ActionFilterAttribute.<CallOnActionExecutedAsync>d__6.MoveNext()
--- End of stack trace from previous location where exception was thrown ---
   at System.Runtime.ExceptionServices.ExceptionDispatchInfo.Throw()
   at System.Web.Http.Filters.ActionFilterAttribute.<CallOnActionExecutedAsync>d__6.MoveNext()
--- End of stack trace from previous location where exception was thrown ---
   at System.Runtime.ExceptionServices.ExceptionDispatchInfo.Throw()
   at System.Runtime.CompilerServices.TaskAwaiter.HandleNonSuccessAndDebuggerNotification(Task task)
   at System.Web.Http.Filters.ActionFilterAttribute.<ExecuteActionFilterAsyncCore>d__5.MoveNext()
--- End of stack trace from previous location where exception was thrown ---
   at System.Runtime.ExceptionServices.ExceptionDispatchInfo.Throw()
   at System.Runtime.CompilerServices.TaskAwaiter.HandleNonSuccessAndDebuggerNotification(Task task)
   at System.Web.Http.Filters.ActionFilterAttribute.<CallOnActionExecutedAsync>d__6.MoveNext()
--- End of stack trace from previous location where exception was thrown ---
   at System.Runtime.ExceptionServices.ExceptionDispatchInfo.Throw()
   at System.Web.Http.Filters.ActionFilterAttribute.<CallOnActionExecutedAsync>d__6.MoveNext()
--- End of stack trace from previous location where exception was thrown ---
   at System.Runtime.ExceptionServices.ExceptionDispatchInfo.Throw()
   at System.Runtime.CompilerServices.TaskAwaiter.HandleNonSuccessAndDebuggerNotification(Task task)
   at System.Web.Http.Filters.ActionFilterAttribute.<ExecuteActionFilterAsyncCore>d__5.MoveNext()
--- End of stack trace from previous location where exception was thrown ---
   at System.Runtime.ExceptionServices.ExceptionDispatchInfo.Throw()
   at System.Runtime.CompilerServices.TaskAwaiter.HandleNonSuccessAndDebuggerNotification(Task task)
   at System.Web.Http.Filters.ActionFilterAttribute.<CallOnActionExecutedAsync>d__6.MoveNext()
--- End of stack trace from previous location where exception was thrown ---
   at System.Runtime.ExceptionServices.ExceptionDispatchInfo.Throw()
   at System.Web.Http.Filters.ActionFilterAttribute.<CallOnActionExecutedAsync>d__6.MoveNext()
--- End of stack trace from previous location where exception was thrown ---
   at System.Runtime.ExceptionServices.ExceptionDispatchInfo.Throw()
   at System.Runtime.CompilerServices.TaskAwaiter.HandleNonSuccessAndDebuggerNotification(Task task)
   at System.Web.Http.Filters.ActionFilterAttribute.<ExecuteActionFilterAsyncCore>d__5.MoveNext()
--- End of stack trace from previous location where exception was thrown ---
   at System.Runtime.ExceptionServices.ExceptionDispatchInfo.Throw()
   at System.Runtime.CompilerServices.TaskAwaiter.HandleNonSuccessAndDebuggerNotification(Task task)
   at System.Web.Http.Filters.ActionFilterAttribute.<CallOnActionExecutedAsync>d__6.MoveNext()
--- End of stack trace from previous location where exception was thrown ---
   at System.Runtime.ExceptionServices.ExceptionDispatchInfo.Throw()
   at System.Web.Http.Filters.ActionFilterAttribute.<CallOnActionExecutedAsync>d__6.MoveNext()
--- End of stack trace from previous location where exception was thrown ---
   at System.Runtime.ExceptionServices.ExceptionDispatchInfo.Throw()
   at System.Runtime.CompilerServices.TaskAwaiter.HandleNonSuccessAndDebuggerNotification(Task task)
   at System.Web.Http.Filters.ActionFilterAttribute.<ExecuteActionFilterAsyncCore>d__5.MoveNext()
--- End of stack trace from previous location where exception was thrown ---
   at System.Runtime.ExceptionServices.ExceptionDispatchInfo.Throw()
   at System.Runtime.CompilerServices.TaskAwaiter.HandleNonSuccessAndDebuggerNotification(Task task)
   at System.Web.Http.Controllers.ActionFilterResult.<ExecuteAsync>d__5.MoveNext()
--- End of stack trace from previous location where exception was thrown ---
   at System.Runtime.ExceptionServices.ExceptionDispatchInfo.Throw()
   at System.Runtime.CompilerServices.TaskAwaiter.HandleNonSuccessAndDebuggerNotification(Task task)
   at System.Web.Http.Controllers.ExceptionFilterResult.<ExecuteAsync>d__6.MoveNext()","",kibo
http://mygcpdevaa.o9solutions.com:9876/api/restore?overideExistingTenant=true&restoreSettings=undefined,79343c30-ba64-4c70-bc17-16a3686d2f9a,6241.69410,6241,6241,22341,2023-06-05T13:22:07.856Z,INFO,WebApi,10.108.4.201,35,o9.Framework.Common.Logging.FrameworkLogger,WebApi served the request: /api/crud/tenants/6241/users/upload in : 35402ms with status : InternalServerError,"",kibo
http://mygcpdevaa.o9solutions.com:9876/api/restore?overideExistingTenant=true&restoreSettings=undefined,79343c30-ba64-4c70-bc17-16a3686d2f9a,6241.69410,6241,6241,22341,2023-06-05T13:22:07.857Z,INFO,WebApi,10.108.4.201,62,o9.Framework.Common.Logging.FrameworkLogger,HttpRequest received response with status code - InternalServerError,"",kibo
http://mygcpdevaa.o9solutions.com:9876/api/restore?overideExistingTenant=true&restoreSettings=undefined,79343c30-ba64-4c70-bc17-16a3686d2f9a,6241.69410,6241,6241,22341,2023-06-05T13:22:07.857Z,ERROR,WebApi,10.108.4.201,62,o9.Framework.Common.Logging.FrameworkLogger,"HttpRequest failed with status code - InternalServerError; validation error = {""StatusCode"":500,""ErrorIdentifier"":null,""ErrorCode"":0,""ServerErrorCode"":0,""Errors"":{""ModelValidationErrors"":[""Maximum number of retries (5) exceeded while executing database operations with 'RetryExecutionStrategy'. See inner exception for the most recent failure.""],""FieldValidationErrors"":{}}}","",kibo
http://mygcpdevaa.o9solutions.com:9876/api/restore?overideExistingTenant=true&restoreSettings=undefined,79343c30-ba64-4c70-bc17-16a3686d2f9a,6241.69410,6241,6241,22341,2023-06-05T13:22:07.858Z,ERROR,WebApi,10.108.4.201,36,o9.Framework.Common.Logging.FrameworkLogger,"Restore User Config Activity activity task failed for input - {""QueueSuffix"":""WebAPI"",""Backup"":{""Name"":""MA - FTB"",""Description"":""MA - FTB"",""BackedUpTenantId"":8195,""BackedUpTenantName"":""meiotestcase"",""BackedUpUserId"":0,""RestoreOnUserId"":22341,""RestoreOnTenantId"":6241,""RestoreOnTenantName"":""meiotestcase"",""RestoreNono9Users"":false,""ApplyDataRecovery"":false,""LiveServerMachineIp"":""10.108.25.11"",""LiveServerDataFolder"":""D:\\Temp\\meiotestcase"",""CreatedAt"":""2023-06-05T13:20:55.7487733Z"",""EnvironmentId"":""09691ac8-ae24-4e94-926f-91810e2f8caa"",""EnvironmentType"":""gcpbambi"",""EnvironmentVersion"":null,""InitiatingMachineName"":""O9GCPGQ10064WEB"",""Status"":""STARTED"",""WorkflowId"":""52b6df4b-5556-4d6c-8dda-01a3bf889c72"",""BackupWorkflowId"":""d0f7fd4a-8765-450a-8098-c3b73c278c29"",""Components"":""LiveServer,TenantConfig,Collab,SystemSettings,UserConfig"",""Obfuscated"":false,""AppContext"":{""Roles"":[{""Id"":493377,""TenantId"":6241,""Name"":""admin"",""RoleType"":""UISecurityGroup"",""Description"":""Unknown"",""RoleId"":""7ea5154b-aa7d-4158-ad3b-cf28ce31c512"",""ModuleId"":null},{""Id"":493378,""TenantId"":6241,""Name"":""dataadmin"",""RoleType"":""DataSecurityGroup"",""Description"":""Super admin for data"",""RoleId"":""d2710759-59f9-437e-ad09-ff716e41757f"",""ModuleId"":null},{""Id"":493380,""TenantId"":6241,""Name"":""System Architect"",""RoleType"":""UISecurityGroup"",""Description"":""Model and UI designer full privilege."",""RoleId"":""02ef00c1-8e05-4c0e-a683-e5fd914b1576"",""ModuleId"":null},{""Id"":0,""TenantId"":6241,""Name"":""$RA-srishti.singh@o9solutions.com"",""RoleType"":""DataSecurityGroup"",""Description"":""Role Avatar"",""RoleId"":""00000000-0000-0000-0000-000000000000"",""ModuleId"":null}],""AuthToken"":""xghhrfnne1ndawgtswybpr2y"",""EmbedToken"":""d5126ebb-23c0-4540-aa1b-05920d23ba77"",""LoggedInTenantId"":6241,""LoggedInUserEmail"":""srishti.singh@o9solutions.com"",""TargetTenantId"":6241,""OrgId"":1,""TargetTenantName"":""meiotestcase"",""LoggedInUserId"":22341,""SessionId"":""6241.69410"",""LiveServerTransactionId"":""00000000-0000-0000-0000-000000000000"",""BatchGuid"":""00000000-0000-0000-0000-000000000000"",""Url"":""http://mygcpdevaa.o9solutions.com:9876/api/restore?overideExistingTenant=true&restoreSettings=undefined"",""BaseUri"":""http://localhost:9876/"",""RequestTime"":""0001-01-01T00:00:00"",""ClientIp"":""10.108.3.13"",""UserAgent"":""kibo"",""RequestId"":""79343c30-ba64-4c70-bc17-16a3686d2f9a"",""TenantLocale"":null,""Language"":""en-US"",""IsHaEnabled"":false,""ChangeRequestTags"":null,""IsAdmin"":true,""IsUserManagementAdmin"":false,""GitPersonalAccessToken"":null,""IsOpenOrgUser"":true,""UserOrgId"":1,""IsBulkCommitAllowed"":false},""BGSave"":false,""Versions"":null},""WorkflowStep"":{""WorkflowId"":null,""Id"":null,""WorkflowType"":""Restore"",""ActivityType"":""RestoreUserConfigActivity"",""EnvironmentType"":null,""CreatedAt"":""2023-06-05T13:21:21.7024798+00:00"",""UserId"":0,""TenantName"":""meiotestcase"",""OrganisationName"":""o9solutions"",""IsDockerized"":false,""BackupWorkflowId"":"""",""Status"":""SCHEDULED"",""Message"":"""",""Size"":"""",""Data"":null,""Kubernetes"":false,""Port"":29473}}, Response:StatusCode: 500, ReasonPhrase: 'Internal Server Error', Version: 1.1, Content: System.Net.Http.ObjectContent`1[[o9.RPCModels.Validation, o9.RPCModels, Version=1.0.0.0, Culture=neutral, PublicKeyToken=null]], Headers:
{
  Content-Type: application/json; charset=utf-8
}","System.Web.Http.HttpResponseException: Processing of the HTTP request resulted in an exception. Please see the HTTP response returned by the 'Response' property of this exception for details.
   at o9.Framework.Client.FrameworkHttpClient.<GetValidatedResponseAsync>d__55.MoveNext() in C:\a\2\o9.Platform\o9.Utils\Framework.Client\FrameworkHttpClient.cs:line 587
--- End of stack trace from previous location where exception was thrown ---
   at System.Runtime.ExceptionServices.ExceptionDispatchInfo.Throw()
   at System.Runtime.CompilerServices.TaskAwaiter.HandleNonSuccessAndDebuggerNotification(Task task)
   at o9.Framework.Client.FrameworkHttpClient.<PostAsync>d__30`1.MoveNext() in C:\a\2\o9.Platform\o9.Utils\Framework.Client\FrameworkHttpClient.cs:line 244
--- End of stack trace from previous location where exception was thrown ---
   at System.Runtime.ExceptionServices.ExceptionDispatchInfo.Throw()
   at System.Runtime.CompilerServices.TaskAwaiter.HandleNonSuccessAndDebuggerNotification(Task task)
   at o9.RWF.BackupRestore.Activities.RestoreUserConfigActivity.<ProcessTaskAsync>d__1.MoveNext() in C:\a\2\o9.Platform\WebAPI\o9.RWF.BackupRestore\Activities\RestoreUserConfigActivity.cs:line 50
--- End of stack trace from previous location where exception was thrown ---
   at System.Runtime.ExceptionServices.ExceptionDispatchInfo.Throw()
   at System.Runtime.CompilerServices.TaskAwaiter.HandleNonSuccessAndDebuggerNotification(Task task)
   at o9.RWF.Helper.BackupRestoreActivityWorkerBase.<StartAsync>d__10.MoveNext() in C:\a\2\o9.Platform\o9.Utils\o9.RWF.Helper\BackupRestoreActivityWorkerBase.cs:line 74
",kibo
http://mygcpdevaa.o9solutions.com:9876/api/restore?overideExistingTenant=true&restoreSettings=undefined,79343c30-ba64-4c70-bc17-16a3686d2f9a,6241.69410,6241,6241,22341,2023-06-05T13:22:09.340Z,INFO,WebApi,10.108.4.201,47,o9.Framework.Common.Logging.FrameworkLogger,GlobalMutex: Releasing exclusive lock for resource: RestoreDecider-52b6df4b-5556-4d6c-8dda-01a3bf889c72,"",kibo
http://mygcpdevaa.o9solutions.com:9876/api/restore?overideExistingTenant=true&restoreSettings=undefined,79343c30-ba64-4c70-bc17-16a3686d2f9a,6241.69410,6241,6241,22341,2023-06-05T13:22:09.342Z,INFO,WebApi,10.108.4.201,47,o9.Framework.Common.Logging.FrameworkLogger,GlobalMutex: Finished releasing exclusive lock for resource: RestoreDecider-52b6df4b-5556-4d6c-8dda-01a3bf889c72,"",kibo
"",79343c30-ba64-4c70-bc17-16a3686d2f9a,"",6241,6241,22341,2023-06-05T13:22:13.462Z,INFO,InstallAgent,10.108.25.11,50,o9.InstallAgent.RWF.Activities.RestoreLiveServerDataActivity,Restoring Versions/Scenarios: [ALL],"",""
"",79343c30-ba64-4c70-bc17-16a3686d2f9a,"",6241,6241,22341,2023-06-05T13:22:13.463Z,INFO,InstallAgent,10.108.25.11,50,o9.InstallAgent.RWF.Activities.RestoreLiveServerDataActivity,Versions in DownloadVersionData:,"",""
"",79343c30-ba64-4c70-bc17-16a3686d2f9a,"",6241,6241,22341,2023-06-05T13:22:13.508Z,INFO,InstallAgent,10.108.25.11,50,o9.Framework.Common.Logging.FrameworkLogger,"(6241, 22341) - Started downloading File from Bucket:stg00004backup-uc1 and path:o9.meiotestcase.d0f7fd4a-8765-450a-8098-c3b73c278c29/BackupVersionInfo.json","",""
"",79343c30-ba64-4c70-bc17-16a3686d2f9a,"",6241,6241,22341,2023-06-05T13:22:13.516Z,INFO,InstallAgent,10.108.25.11,84,o9.Framework.Common.Logging.FrameworkLogger,"(6241, 22341) - Started downloading File from Bucket:stg00004backup-uc1 and path:o9.meiotestcase.d0f7fd4a-8765-450a-8098-c3b73c278c29/data.zip","",""
"",79343c30-ba64-4c70-bc17-16a3686d2f9a,"",6241,6241,22341,2023-06-05T13:22:13.572Z,INFO,InstallAgent,10.108.25.11,92,o9.Framework.Common.Logging.FrameworkLogger,"(6241, 22341) - Finished downloading File from Bucket:stg00004backup-uc1 and path:o9.meiotestcase.d0f7fd4a-8765-450a-8098-c3b73c278c29/BackupVersionInfo.json","",""
"",79343c30-ba64-4c70-bc17-16a3686d2f9a,"",6241,6241,22341,2023-06-05T13:22:13.582Z,INFO,InstallAgent,10.108.25.11,50,o9.InstallAgent.RWF.Activities.RestoreLiveServerDataActivity,"Versions in DownloadVersionData:System.Collections.Generic.HashSet`1[System.Tuple`2[System.Int32,System.String]]","",""
"",79343c30-ba64-4c70-bc17-16a3686d2f9a,"",6241,6241,22341,2023-06-05T13:22:13.732Z,INFO,InstallAgent,10.108.25.11,78,o9.Framework.Common.Logging.FrameworkLogger,"(6241, 22341) - Finished downloading File from Bucket:stg00004backup-uc1 and path:o9.meiotestcase.d0f7fd4a-8765-450a-8098-c3b73c278c29/data.zip","",""
"",79343c30-ba64-4c70-bc17-16a3686d2f9a,"",6241,6241,22341,2023-06-05T13:22:13.733Z,INFO,InstallAgent,10.108.25.11,50,o9.InstallAgent.RWF.Activities.RestoreLiveServerDataActivity,"Versions in DownloadVersionData:System.Collections.Generic.HashSet`1[System.Tuple`2[System.Int32,System.String]]","",""
"",79343c30-ba64-4c70-bc17-16a3686d2f9a,"",6241,6241,22341,2023-06-05T13:22:13.780Z,INFO,InstallAgent,10.108.25.11,78,o9.Framework.Common.Logging.FrameworkLogger,"(6241, 22341) - Started downloading File from Bucket:stg00004backup-uc1 and path:o9.meiotestcase.667542b5-8d26-4a31-b92b-a6d4e7dbf7c1/versions.zip","",""
"",79343c30-ba64-4c70-bc17-16a3686d2f9a,"",6241,6241,22341,2023-06-05T13:22:13.886Z,INFO,InstallAgent,10.108.25.11,34,o9.Framework.Common.Logging.FrameworkLogger,"(6241, 22341) - Finished downloading File from Bucket:stg00004backup-uc1 and path:o9.meiotestcase.667542b5-8d26-4a31-b92b-a6d4e7dbf7c1/versions.zip","",""
"",79343c30-ba64-4c70-bc17-16a3686d2f9a,"",6241,6241,22341,2023-06-05T13:22:13.911Z,INFO,InstallAgent,10.108.25.11,34,o9.Framework.Common.Logging.FrameworkLogger,"(6241, 22341) - Started downloading File from Bucket:stg00004backup-uc1 and path:o9.meiotestcase.d0f7fd4a-8765-450a-8098-c3b73c278c29/versions.zip","",""
"",79343c30-ba64-4c70-bc17-16a3686d2f9a,"",6241,6241,22341,2023-06-05T13:22:14.037Z,INFO,InstallAgent,10.108.25.11,84,o9.Framework.Common.Logging.FrameworkLogger,"(6241, 22341) - Finished downloading File from Bucket:stg00004backup-uc1 and path:o9.meiotestcase.d0f7fd4a-8765-450a-8098-c3b73c278c29/versions.zip","",""
"",79343c30-ba64-4c70-bc17-16a3686d2f9a,"",6241,6241,22341,2023-06-05T13:22:14.039Z,INFO,InstallAgent,10.108.25.11,50,o9.InstallAgent.RWF.Activities.RestoreLiveServerDataActivity,Started downloading and extracting partition data,"",""
http://mygcpdevaa.o9solutions.com:9876/api/restore?overideExistingTenant=true&restoreSettings=undefined,79343c30-ba64-4c70-bc17-16a3686d2f9a,6241.69410,6241,6241,22341,2023-06-05T13:22:18.013Z,INFO,WebApi,10.108.2.244,95,o9.Framework.Common.Logging.FrameworkLogger,GlobalMutex: Acquiring exclusive lock for resource: RestoreDecider-52b6df4b-5556-4d6c-8dda-01a3bf889c72,"",kibo
http://mygcpdevaa.o9solutions.com:9876/api/restore?overideExistingTenant=true&restoreSettings=undefined,79343c30-ba64-4c70-bc17-16a3686d2f9a,6241.69410,6241,6241,22341,2023-06-05T13:22:18.014Z,INFO,WebApi,10.108.2.244,95,o9.Framework.Common.Logging.FrameworkLogger,GlobalMutex: Finished acquiring exclusive lock for resource: RestoreDecider-52b6df4b-5556-4d6c-8dda-01a3bf889c72,"",kibo
http://mygcpdevaa.o9solutions.com:9876/api/restore?overideExistingTenant=true&restoreSettings=undefined,79343c30-ba64-4c70-bc17-16a3686d2f9a,6241.69410,6241,6241,22341,2023-06-05T13:22:18.014Z,INFO,WebApi,10.108.2.244,95,o9.Framework.Common.Logging.FrameworkLogger,BackupRestoreDeciderHandler received message from: RestoreUserConfigActivity,"",kibo
"",79343c30-ba64-4c70-bc17-16a3686d2f9a,"",6241,6241,22341,2023-06-05T13:22:19.354Z,INFO,InstallAgent,10.108.25.11,50,o9.InstallAgent.RWF.Activities.RestoreLiveServerDataActivity,Number of files downloaded: 3. Total size of downloaded files: 6 MB,"",""
"",79343c30-ba64-4c70-bc17-16a3686d2f9a,"",6241,6241,22341,2023-06-05T13:22:19.355Z,INFO,InstallAgent,10.108.25.11,50,o9.InstallAgent.RWF.Activities.RestoreLiveServerDataActivity,Started Extracting downloaded Files in parallel... number of files = [3],"",""
"",79343c30-ba64-4c70-bc17-16a3686d2f9a,"",6241,6241,22341,2023-06-05T13:22:19.356Z,INFO,InstallAgent,10.108.25.11,34,o9.InstallAgent.RWF.Activities.SevenZipExeHelper,"Launching extraction task C:\Program Files\o9\InstallAgent\7zip\x64\7z.exe with the command line : x ""C:\Windows\TEMP\tmpEC83.tmp""  -mx=9 -y -o""D:\Temp\meiotestcase\data_temp_b4_restmpEC83.tmp"" ","",""
"",79343c30-ba64-4c70-bc17-16a3686d2f9a,"",6241,6241,22341,2023-06-05T13:22:19.356Z,INFO,InstallAgent,10.108.25.11,98,o9.InstallAgent.RWF.Activities.SevenZipExeHelper,"Launching extraction task C:\Program Files\o9\InstallAgent\7zip\x64\7z.exe with the command line : x ""C:\Windows\TEMP\tmpEBF5.tmp""  -mx=9 -y -o""D:\Temp\meiotestcase\data_temp_b4_restmpEBF5.tmp"" ","",""
"",79343c30-ba64-4c70-bc17-16a3686d2f9a,"",6241,6241,22341,2023-06-05T13:22:19.356Z,INFO,InstallAgent,10.108.25.11,92,o9.InstallAgent.RWF.Activities.SevenZipExeHelper,"Launching extraction task C:\Program Files\o9\InstallAgent\7zip\x64\7z.exe with the command line : x ""C:\Windows\TEMP\tmpEAEB.tmp""  -mx=9 -y -o""D:\Temp\meiotestcase\data_temp_b4_restmpEAEB.tmp"" ","",""
http://mygcpdevaa.o9solutions.com:9876/api/restore?overideExistingTenant=true&restoreSettings=undefined,79343c30-ba64-4c70-bc17-16a3686d2f9a,6241.69410,6241,6241,22341,2023-06-05T13:22:24.101Z,INFO,WebApi,10.108.2.244,95,o9.Framework.Common.Logging.FrameworkLogger,GlobalMutex: Releasing exclusive lock for resource: RestoreDecider-52b6df4b-5556-4d6c-8dda-01a3bf889c72,"",kibo
http://mygcpdevaa.o9solutions.com:9876/api/restore?overideExistingTenant=true&restoreSettings=undefined,79343c30-ba64-4c70-bc17-16a3686d2f9a,6241.69410,6241,6241,22341,2023-06-05T13:22:24.103Z,INFO,WebApi,10.108.2.244,95,o9.Framework.Common.Logging.FrameworkLogger,GlobalMutex: Finished releasing exclusive lock for resource: RestoreDecider-52b6df4b-5556-4d6c-8dda-01a3bf889c72,"",kibo
"",79343c30-ba64-4c70-bc17-16a3686d2f9a,"",6241,6241,22341,2023-06-05T13:22:27.346Z,INFO,InstallAgent,10.108.25.11,92,o9.InstallAgent.RWF.Activities.RestoreLiveServerDataActivity,Deleting archive C:\Windows\TEMP\tmpEAEB.tmp after extraction,"",""
"",79343c30-ba64-4c70-bc17-16a3686d2f9a,"",6241,6241,22341,2023-06-05T13:22:27.348Z,INFO,InstallAgent,10.108.25.11,92,o9.InstallAgent.RWF.Activities.RestoreLiveServerDataActivity,Deleted archive C:\Windows\TEMP\tmpEAEB.tmp after extraction,"",""
"",79343c30-ba64-4c70-bc17-16a3686d2f9a,"",6241,6241,22341,2023-06-05T13:22:27.941Z,INFO,InstallAgent,10.108.25.11,98,o9.InstallAgent.RWF.Activities.RestoreLiveServerDataActivity,Deleting archive C:\Windows\TEMP\tmpEBF5.tmp after extraction,"",""
"",79343c30-ba64-4c70-bc17-16a3686d2f9a,"",6241,6241,22341,2023-06-05T13:22:27.942Z,INFO,InstallAgent,10.108.25.11,98,o9.InstallAgent.RWF.Activities.RestoreLiveServerDataActivity,Deleted archive C:\Windows\TEMP\tmpEBF5.tmp after extraction,"",""
"",79343c30-ba64-4c70-bc17-16a3686d2f9a,"",6241,6241,22341,2023-06-05T13:22:29.063Z,INFO,InstallAgent,10.108.25.11,34,o9.InstallAgent.RWF.Activities.RestoreLiveServerDataActivity,Deleting archive C:\Windows\TEMP\tmpEC83.tmp after extraction,"",""
"",79343c30-ba64-4c70-bc17-16a3686d2f9a,"",6241,6241,22341,2023-06-05T13:22:29.065Z,INFO,InstallAgent,10.108.25.11,34,o9.InstallAgent.RWF.Activities.RestoreLiveServerDataActivity,Deleted archive C:\Windows\TEMP\tmpEC83.tmp after extraction,"",""
"",79343c30-ba64-4c70-bc17-16a3686d2f9a,"",6241,6241,22341,2023-06-05T13:22:29.065Z,INFO,InstallAgent,10.108.25.11,50,o9.InstallAgent.RWF.Activities.RestoreLiveServerDataActivity,Finished Extracting files.,"",""
"",79343c30-ba64-4c70-bc17-16a3686d2f9a,"",6241,6241,22341,2023-06-05T13:22:29.066Z,INFO,InstallAgent,10.108.25.11,50,o9.InstallAgent.RWF.Activities.RestoreLiveServerDataActivity,Started creating necessary directories in D:\Temp\meiotestcase\data,"",""
"",79343c30-ba64-4c70-bc17-16a3686d2f9a,"",6241,6241,22341,2023-06-05T13:22:29.391Z,INFO,InstallAgent,10.108.25.11,50,o9.InstallAgent.RWF.Activities.RestoreLiveServerDataActivity,Finished creating directories,"",""
"",79343c30-ba64-4c70-bc17-16a3686d2f9a,"",6241,6241,22341,2023-06-05T13:22:29.392Z,INFO,InstallAgent,10.108.25.11,50,o9.InstallAgent.RWF.Activities.RestoreLiveServerDataActivity,Number of extracted files : [11396],"",""
"",79343c30-ba64-4c70-bc17-16a3686d2f9a,"",6241,6241,22341,2023-06-05T13:22:29.392Z,INFO,InstallAgent,10.108.25.11,50,o9.InstallAgent.RWF.Activities.RestoreLiveServerDataActivity,Moving downloaded files from temp folders to data folder,"",""
"",79343c30-ba64-4c70-bc17-16a3686d2f9a,"",6241,6241,22341,2023-06-05T13:22:42.513Z,INFO,InstallAgent,10.108.25.11,50,o9.InstallAgent.RWF.Activities.RestoreLiveServerDataActivity,Finished moving files from temp folders to data folder,"",""
"",79343c30-ba64-4c70-bc17-16a3686d2f9a,"",6241,6241,22341,2023-06-05T13:22:42.513Z,INFO,InstallAgent,10.108.25.11,50,o9.InstallAgent.RWF.Activities.RestoreLiveServerDataActivity,Started downloading and extracting all partition data from cloud,"",""
"",79343c30-ba64-4c70-bc17-16a3686d2f9a,"",6241,6241,22341,2023-06-05T13:22:42.514Z,INFO,InstallAgent,10.108.25.11,50,o9.InstallAgent.RWF.Activities.RestoreLiveServerDataActivity,Finished downloading and extracting all partition data from cloud,"",""
"",79343c30-ba64-4c70-bc17-16a3686d2f9a,"",6241,6241,22341,2023-06-05T13:22:42.569Z,INFO,InstallAgent,10.108.25.11,50,o9.InstallAgent.RWF.Activities.RestoreLiveServerDataActivity,Files moved to data folder : [10978],"",""
"",79343c30-ba64-4c70-bc17-16a3686d2f9a,"",6241,6241,22341,2023-06-05T13:22:42.570Z,INFO,InstallAgent,10.108.25.11,50,o9.InstallAgent.RWF.Activities.RestoreLiveServerDataActivity,Started setting up config folder D:\Temp\meiotestcase\data\config,"",""
"",79343c30-ba64-4c70-bc17-16a3686d2f9a,"",6241,6241,22341,2023-06-05T13:22:42.573Z,INFO,InstallAgent,10.108.25.11,50,o9.InstallAgent.RWF.Activities.RestoreLiveServerDataActivity,Cleared config folder,"",""
"",79343c30-ba64-4c70-bc17-16a3686d2f9a,"",6241,6241,22341,2023-06-05T13:22:42.575Z,INFO,InstallAgent,10.108.25.11,50,o9.InstallAgent.RWF.Activities.RestoreLiveServerDataActivity,Number of entries to the restore version manifest file : [5],"",""
"",79343c30-ba64-4c70-bc17-16a3686d2f9a,"",6241,6241,22341,2023-06-05T13:22:42.575Z,INFO,InstallAgent,10.108.25.11,50,o9.InstallAgent.RWF.Activities.RestoreLiveServerDataActivity,Finished setting up config folder D:\Temp\meiotestcase\data\config,"",""
"",79343c30-ba64-4c70-bc17-16a3686d2f9a,"",6241,6241,22341,2023-06-05T13:22:42.576Z,INFO,InstallAgent,10.108.25.11,50,o9.Framework.Common.Logging.FrameworkLogger,"(6241, 22341) - Successfully replaced live server data folder at D:\Temp\meiotestcase\data","",""
"",79343c30-ba64-4c70-bc17-16a3686d2f9a,"",6241,6241,22341,2023-06-05T13:22:42.578Z,INFO,InstallAgent,10.108.25.11,50,o9.RWF.Helper.DbContext.GoogleDataStoreContext,GoogleDataStoreContext initialized using credentials in 1 ms,"",""
http://mygcpdevaa.o9solutions.com:9876/api/restore?overideExistingTenant=true&restoreSettings=undefined,79343c30-ba64-4c70-bc17-16a3686d2f9a,6241.69410,6241,6241,22341,2023-06-05T13:22:52.688Z,INFO,WebApi,10.108.4.201,32,o9.Framework.Common.Logging.FrameworkLogger,GlobalMutex: Acquiring exclusive lock for resource: RestoreDecider-52b6df4b-5556-4d6c-8dda-01a3bf889c72,"",kibo
"",79343c30-ba64-4c70-bc17-16a3686d2f9a,"",6241,6241,22341,2023-06-05T13:22:52.691Z,INFO,InstallAgent,10.108.25.11,50,o9.Framework.Common.Logging.FrameworkLogger,"(6241, 22341) - Restore LiveServer Data activity task completed with status - Successfully replaced live server data folder at D:\Temp\meiotestcase\data","",""
http://mygcpdevaa.o9solutions.com:9876/api/restore?overideExistingTenant=true&restoreSettings=undefined,79343c30-ba64-4c70-bc17-16a3686d2f9a,6241.69410,6241,6241,22341,2023-06-05T13:22:52.695Z,INFO,WebApi,10.108.4.201,32,o9.Framework.Common.Logging.FrameworkLogger,GlobalMutex: Finished acquiring exclusive lock for resource: RestoreDecider-52b6df4b-5556-4d6c-8dda-01a3bf889c72,"",kibo
http://mygcpdevaa.o9solutions.com:9876/api/restore?overideExistingTenant=true&restoreSettings=undefined,79343c30-ba64-4c70-bc17-16a3686d2f9a,6241.69410,6241,6241,22341,2023-06-05T13:22:52.695Z,INFO,WebApi,10.108.4.201,32,o9.Framework.Common.Logging.FrameworkLogger,BackupRestoreDeciderHandler received message from: RestoreLiveServerDataActivity,"",kibo
http://mygcpdevaa.o9solutions.com:9876/api/restore?overideExistingTenant=true&restoreSettings=undefined,79343c30-ba64-4c70-bc17-16a3686d2f9a,6241.69410,6241,6241,22341,2023-06-05T13:22:58.800Z,INFO,WebApi,10.108.4.201,32,o9.Framework.Common.Logging.FrameworkLogger,GlobalMutex: Releasing exclusive lock for resource: RestoreDecider-52b6df4b-5556-4d6c-8dda-01a3bf889c72,"",kibo
http://mygcpdevaa.o9solutions.com:9876/api/restore?overideExistingTenant=true&restoreSettings=undefined,79343c30-ba64-4c70-bc17-16a3686d2f9a,6241.69410,6241,6241,22341,2023-06-05T13:22:58.801Z,INFO,WebApi,10.108.4.201,32,o9.Framework.Common.Logging.FrameworkLogger,GlobalMutex: Finished releasing exclusive lock for resource: RestoreDecider-52b6df4b-5556-4d6c-8dda-01a3bf889c72,"",kibo
http://mygcpdevaa.o9solutions.com:9876/api/restore/tenants/6241/restores/d0f7fd4a-8765-450a-8098-c3b73c278c29?_=1685970463981,cc27ecba-9632-40b9-bcc6-72984e476c35,6241.69406,6241,6241,22341,2023-06-05T13:28:42.856Z,INFO,WebApi,10.108.2.244,16,o9.Framework.Common.Logging.FrameworkLogger,WebApi received the request: GET /api/restore/tenants/6241/restores/d0f7fd4a-8765-450a-8098-c3b73c278c29,"",kibo
http://mygcpdevaa.o9solutions.com:9876/api/restore/tenants/6241/restores/d0f7fd4a-8765-450a-8098-c3b73c278c29?_=1685970463981,cc27ecba-9632-40b9-bcc6-72984e476c35,6241.69406,6241,6241,22341,2023-06-05T13:28:42.877Z,INFO,WebApi,10.108.2.244,94,o9.Framework.Common.Logging.FrameworkLogger,WebApi served the request: /api/restore/tenants/6241/restores/d0f7fd4a-8765-450a-8098-c3b73c278c29 in : 26ms with status : OK,"",kibo
